hdegoe0@netvibes.com,Halimeda,Degoe
tshimmans1@icq.com,Toinette,Shimmans
kkempe2@sogou.com,Kort,Kempe
elakenton3@eventbrite.com,Emmott,Lakenton
mkonneke4@sciencedirect.com,Marja,Konneke
wwitchell5@walmart.com,Wallache,Witchell
rtolcharde6@sogou.com,Randal,Tolcharde
nmatteau7@xing.com,Nicol,Matteau
cdowbekin8@noaa.gov,Colet,Dowbekin
lnanninini9@harvard.edu,Lavena,Nanninini
bgherardellia@slate.com,Benny,Gherardelli
ccleugherb@ycombinator.com,Cyndi,Cleugher
lallabartonc@usda.gov,Lela,Allabarton
mwarmand@skype.com,Maisie,Warman
jshreevese@g.co,Jehanna,Shreeves
ehasluckf@pcworld.com,Edd,Hasluck
meddisong@wordpress.com,Merrill,Eddison
clinzeeh@hibu.com,Ciro,Linzee
wwithinshawi@blogspot.com,Wilhelm,Withinshaw
aharviej@buzzfeed.com,Amos,Harvie
abradnockek@jiathis.com,Amalia,Bradnocke
sgiffenl@nba.com,Sarah,Giffen
acrowdenm@artisteer.com,Anthiathia,Crowden
steckn@npr.org,Silvan,Teck
dgingelo@google.com.hk,Dayle,Gingel
hmossp@wikipedia.org,Hurleigh,Moss
phagerghamq@moonfruit.com,Parnell,Hagergham
lgrinnikovr@ebay.com,Lenore,Grinnikov
tmarkes@feedburner.com,Teresa,Marke
mwillist@wikimedia.org,Maribeth,Willis
bbagleyu@google.fr,Bernardina,Bagley
marntzenv@sciencedaily.com,Maxy,Arntzen
mkivlinw@live.com,Magdalena,Kivlin
olaveryx@yandex.ru,Orazio,Lavery
ogoosnelly@unicef.org,Oliver,Goosnell
wbanasiakz@cbsnews.com,Wendye,Banasiak
tbraunfeld10@salon.com,Tamar,Braunfeld
mfernao11@twitter.com,Monique,Fernao
splumtree12@cisco.com,Sarge,Plumtree
sfiveash13@reddit.com,Sherye,Fiveash
adanihel14@indiegogo.com,Allie,Danihel
sscargill15@paypal.com,Selby,Scargill
ghaysman16@barnesandnoble.com,Gay,Haysman
dwallach17@slashdot.org,Dinah,Wallach
srobarts18@spotify.com,Sheilakathryn,Robarts
clomath19@etsy.com,Caitlin,Lomath
lposthill1@sbwire.com,Lianne,Posthill
dkeddie1a@state.gov,Daffy,Keddie
ebarlace1b@twitter.com,Eachelle,Barlace
fcudbird1c@dagondesign.com,Fancy,Cudbird
mgatus1d@imdb.com,Murray,Gatus
sbampkin1e@quantcast.com,Sophi,Bampkin
tcritchley1f@marriott.com,Terencio,Critchley
arooze1g@slate.com,Alex,Rooze
bsendley1h@uol.com.br,Brandais,Sendley
rondrasek1i@miitbeian.gov.cn,Raffaello,Ondrasek
tcraze1j@tinypic.com,Tiebold,Craze
hjukes1k@google.co.jp,Heindrick,Jukes
vmcarte1l@com.com,Valina,McArte
abalnaves1m@mapy.cz,Aymer,Balnaves
cmapledoram1n@simplemachines.org,Charlena,Mapledoram
cbritner1o@phoca.cz,Clim,Britner
pditchburn1p@discovery.com,Phyllida,Ditchburn
csweetland1q@wordpress.com,Correy,Sweetland
bearpe1r@google.de,Bevin,Earpe
ketchingham1s@reference.com,Kit,Etchingham
mpendlenton1t@answers.com,Maje,Pendlenton
aaiston1u@reddit.com,Anders,Aiston
sfenemore1v@friendfeed.com,Suki,Fenemore
vswiffin1w@businesswire.com,Vere,Swiffin
wmoffat1x@deviantart.com,Wye,Moffat
aelsie1y@cnet.com,Amaleta,Elsie
cbedell1z@biblegateway.com,Carling,Bedell
dwethered20@ning.com,Dov,Wethered
mmapston21@lulu.com,Mignon,Mapston
agimbart22@xinhuanet.com,Andromache,Gimbart
gsafont23@home.pl,Gwynne,Safont
acrinkley24@tamu.edu,Ambrosio,Crinkley
seouzan25@wiley.com,Siward,Eouzan
ckalkhoven26@dropbox.com,Cathyleen,Kalkhoven
piacovucci27@yellowpages.com,Phillipp,Iacovucci
mbarhem28@weibo.com,Marline,Barhem
jmitham29@cisco.com,Joni,Mitham
aledur2a@mysql.com,Adrienne,Ledur
lhritzko2b@tiny.cc,Lissi,Hritzko
awoolbrook2c@dailymotion.com,Artemas,Woolbrook
rbarlas2d@last.fm,Reggi,Barlas
ydjekovic2e@comcast.net,Yehudi,Djekovic
lbarwell2f@artisteer.com,Lesya,Barwell
jperelli2g@ed.gov,Janessa,Perelli
dugoletti2h@skype.com,Danya,Ugoletti
tvines2i@jiathis.com,Tobin,Vines
iriggoll2j@hubpages.com,Ines,Riggoll
scave2k@npr.org,Sibbie,Cave
jfessler2l@posterous.com,Jacqueline,Fessler
kkagan2m@theglobeandmail.com,Katherine,Kagan
edodle2n@hibu.com,Esra,Dodle
vpearmain2o@friendfeed.com,Vinita,Pearmain
balcott2p@cisco.com,Berthe,Alcott
aewbanke2q@netlog.com,Alyce,Ewbanke
aseabrooke2r@1688.com,Arlette,Seabrooke
echilders2s@bandcamp.com,Esdras,Childers
dmcgregor2t@hc360.com,Derek,McGregor
eskyme2u@unicef.org,Evangeline,Skyme
slethcoe2v@hp.com,Shalom,Lethcoe
riorizzi2w@bigcartel.com,Rourke,Iorizzi
tgoulbourn2x@youku.com,Tessie,Goulbourn
kwickens2y@yelp.com,Kris,Wickens
nroggero2z@globo.com,Nicola,Roggero
nsquier30@furl.net,Noble,Squier
lcellier31@dyndns.org,Lora,Cellier
awyre32@a8.net,Auroora,Wyre
tsimony33@elegantthemes.com,Toni,Simony
dchaudret34@ask.com,Darla,Chaudret
ychristy35@epa.gov,Yard,Christy
wprosser36@guardian.co.uk,Wolfgang,Prosser
kgiacopelo37@time.com,Kellen,Giacopelo
jraymont38@guardian.co.uk,Joycelin,Raymont
hpoizer39@sun.com,Hetti,Poizer
afostersmith3a@mashable.com,Adelle,Foster-Smith
lburditt3b@hp.com,Leontine,Burditt
lmuston3c@buzzfeed.com,Levy,Muston
jthickett3d@skyrock.com,Jillian,Thickett
tqueste3e@bloglines.com,Tori,Queste
tmadeley3f@1und1.de,Teena,Madeley
jgreenman3g@yahoo.co.jp,Joela,Greenman
fskace3h@360.cn,Fairleigh,Skace
vlewsy3i@ibm.com,Valentino,Lewsy
mrizzetti3j@prweb.com,Marian,Rizzetti
zlendrem3k@bizjournals.com,Zedekiah,Lendrem
sroseaman3l@etsy.com,Solly,Roseaman
mscobie3m@shinystat.com,Margette,Scobie
mboays3n@arstechnica.com,Meridel,Boays
tragg3o@hhs.gov,Tally,Ragg
jcleve3p@topsy.com,Jobye,Cleve
whalgarth3q@ustream.tv,Wittie,Halgarth
cromeo3r@exblog.jp,Carmina,Romeo
oandrey3s@google.es,Oren,Andrey
plafferty3t@gnu.org,Piper,Lafferty
iburgess3u@newsvine.com,Ike,Burgess
ekeddy3v@mail.ru,Ernie,Keddy
dseilmann3w@dagondesign.com,Desirae,Seilmann
ggierardi3x@google.co.jp,Giustina,Gierardi
hfairleigh3y@51.la,Hali,Fairleigh
gdorie3z@pagesperso-orange.fr,Giulietta,Dorie
pschulken40@biblegateway.com,Petronilla,Schulken
hsheldrake41@uol.com.br,Hestia,Sheldrake
kleates42@mozilla.org,Kaia,Leates
nosuaird43@statcounter.com,Noreen,O'Suaird
cfilkov44@jiathis.com,Colet,Filkov
holeszkiewicz45@census.gov,Hertha,Oleszkiewicz
pconnor46@amazon.de,Page,Connor
mdockrill47@sohu.com,Megan,Dockrill
rmattschas48@vk.com,Rosabel,Mattschas
lgiffon49@apache.org,Leonardo,Giffon
jgaskarth4a@meetup.com,Jerrylee,Gaskarth
wjedrachowicz4b@patch.com,Willow,Jedrachowicz
lgibbett4c@globo.com,Licha,Gibbett
akulas4d@angelfire.com,Adan,Kulas
wsoares4e@forbes.com,Winona,Soares
ebarstock4f@cafepress.com,Ewan,Barstock
aatteridge4g@issuu.com,Adina,Atteridge
lbellinger4h@ehow.com,Lacey,Bellinger
ttripon4i@pen.io,Taylor,Tripon
asustins4j@printfriendly.com,Alphard,Sustins
sdownage4k@comsenz.com,Silvano,Downage
cpaynton4l@typepad.com,Cathlene,Paynton
kslaight4m@technorati.com,Krista,Slaight
lnisius4n@yahoo.com,Lombard,Nisius
ryoseloff4o@yellowbook.com,Robinet,Yoseloff
nbelleny4p@1688.com,Nerty,Belleny
fdobbyn4q@printfriendly.com,Felicio,Dobbyn
amacfie4r@multiply.com,Angeli,MacFie
drevie4s@sfgate.com,Dorri,Revie
fturmel4t@vistaprint.com,Forster,Turmel
eberrygun4u@com.com,Eloisa,Berrygun
osowthcote4v@cnbc.com,Orson,Sowthcote
agruszczak4w@upenn.edu,Amelina,Gruszczak
gbrezlaw4x@lycos.com,Gaspard,Brezlaw
kpautot4y@sourceforge.net,Kori,Pautot
mmcivor4z@redcross.org,Mufi,McIvor
cstooders50@wikispaces.com,Constanta,Stooders
stedridge51@clickbank.net,Suzanne,Tedridge
lrealph52@vinaora.com,Lynnette,Realph
ceneas53@google.it,Constantina,Eneas
blittler54@uiuc.edu,Brendan,Littler
gdomeny55@a8.net,Georgie,Domeny
watherton56@bluehost.com,West,Atherton
ggreenhow57@google.com,Gladi,Greenhow
whusher58@arizona.edu,Wynne,Husher
astanlock59@opensource.org,Abagael,Stanlock
nelcoat5a@twitpic.com,Nicol,Elcoat
ftothacot5b@nasa.gov,Faith,Tothacot
dsutherden5c@gnu.org,Drusy,Sutherden
cguido5d@jigsy.com,Cristina,Guido
athurstance5e@dagondesign.com,Amery,Thurstance
erockhill5f@flavors.me,Elset,Rockhill
avaar5g@fotki.com,Adrianne,Vaar
tkeggins5h@ucoz.ru,Tamma,Keggins
egaskin5i@free.fr,Evelin,Gaskin
aokey5j@ow.ly,Allin,Okey
mstuchbery5k@nsw.gov.au,Max,Stuchbery
rsego5l@weather.com,Riordan,Sego
tleeson5m@taobao.com,Tuckie,Leeson
cminshull5n@cbc.ca,Carena,Minshull
cibert5o@opensource.org,Chadd,Ibert
ckirman5p@cbslocal.com,Coralyn,Kirman
jogbourne5q@cpanel.net,Jenilee,Ogbourne
gbakesef5r@oaic.gov.au,Gabrila,Bakesef
jbangle5s@e-recht24.de,Janina,Bangle
kwooland5t@howstuffworks.com,Karlene,Wooland
lbraime5u@dailymotion.com,Livy,Braime
fpolamontayne5v@alexa.com,Francisco,Polamontayne
ealanbrooke5w@fotki.com,Etan,Alanbrooke
aargontt5x@opera.com,Ashby,Argontt
afrossell5y@answers.com,Antonio,Frossell
gtraviss5z@netvibes.com,Gertrude,Traviss
tmacbrearty60@discovery.com,Trace,MacBrearty
dkenney61@arstechnica.com,Dunstan,Kenney
lbowshire62@microsoft.com,Laurice,Bowshire
cfury63@soundcloud.com,Colman,Fury
cloines64@yelp.com,Clive,Loines
ggariff65@odnoklassniki.ru,Granger,Gariff
fgillaspy66@accuweather.com,Ferd,Gillaspy
aacres67@unc.edu,Agata,Acres
rhebbes68@goo.ne.jp,Roberto,Hebbes
kfrankham69@npr.org,Kati,Frankham
yrundle6a@mit.edu,Yvor,Rundle
pchampkin2@t.co,Paxton,Champkin
fmckeveney6b@feedburner.com,Floris,McKeveney
mmaddigan6c@a8.net,Mayer,Maddigan
mgamet6d@feedburner.com,Marylee,Gamet
cleagas6e@pbs.org,Coralie,Leagas
fpagett6f@salon.com,Franni,Pagett
mbanfill6g@ucsd.edu,Mandel,Banfill
ksmithers6h@nps.gov,Kenyon,Smithers
lpillman6i@free.fr,Lincoln,Pillman
pbrugmann6j@bravesites.com,Price,Brugmann
vturnor6k@soundcloud.com,Victor,Turnor
lcorless6l@walmart.com,Lexy,Corless
chackley6m@miitbeian.gov.cn,Chrotoem,Hackley
fgoare6n@nymag.com,Felecia,Goare
mshovlin6o@soundcloud.com,Manny,Shovlin
kwhinray6p@senate.gov,Katlin,Whinray
sbrunger6q@rakuten.co.jp,Sabine,Brunger
ailey6r@digg.com,Alvin,Iley
fbanville6s@woothemes.com,Faustine,Banville
pbruckmann6t@dagondesign.com,Portie,Bruckmann
eyarr6u@tiny.cc,Eran,Yarr
ztidbold6v@qq.com,Zaccaria,Tidbold
dbuckles6w@about.com,Dianne,Buckles
mbell6x@edublogs.org,Millisent,Bell
rpattisson6y@noaa.gov,Roddy,Pattisson
kdaulby6z@ucla.edu,Kial,D'Aulby
spettett70@admin.ch,Sampson,Pettett
ajasik71@w3.org,Arin,Jasik
crapi72@instagram.com,Cherida,Rapi
bmanuaud73@xinhuanet.com,Barde,Manuaud
mbaline74@github.io,Martynne,Baline
alound75@arstechnica.com,Annissa,Lound
kpierro76@dyndns.org,Karol,Pierro
cgiles77@hostgator.com,Curtice,Giles
mvalencia78@blogs.com,Merrel,Valencia
sviccary79@lulu.com,Sherilyn,Viccary
tcasari7a@fotki.com,Trstram,Casari
hflaws7b@google.es,Hamid,Flaws
hraubenheimer7c@reference.com,Hill,Raubenheimer
amarch7d@accuweather.com,Adel,March
wgretton7e@cargocollective.com,Westbrook,Gretton
lnewbigging7f@jimdo.com,Lorry,Newbigging
ewhickman7g@friendfeed.com,Ermengarde,Whickman
msurmeir7h@imdb.com,Malynda,Surmeir
rmcgrill7i@wired.com,Reed,McGrill
gszwarc7j@purevolume.com,Godart,Szwarc
mgoves7k@friendfeed.com,Mora,Goves
gbarracks7l@senate.gov,Graeme,Barracks
gbrackley7m@opera.com,Gisela,Brackley
jidney7n@virginia.edu,Joe,Idney
rivers7o@usgs.gov,Rosanne,Ivers
thintze7p@columbia.edu,Tymon,Hintze
jpashley7q@ifeng.com,Jyoti,Pashley
aharkins7r@ca.gov,Alexandre,Harkins
khainey7s@jugem.jp,Karel,Hainey
taveray7t@pinterest.com,Tully,Averay
ebakes7u@jugem.jp,Eldridge,Bakes
slipsett7v@ebay.com,Shaun,Lipsett
jraithby7w@phpbb.com,Jayson,Raithby
rcowtherd7x@hubpages.com,Roz,Cowtherd
emingaud7y@cisco.com,Eduardo,Mingaud
ahourahan7z@nydailynews.com,Ab,Hourahan
ihimsworth80@tmall.com,Ingelbert,Himsworth
jvernalls81@bravesites.com,Jule,Vernalls
rtemperton82@networksolutions.com,Rusty,Temperton
aduckitt83@g.co,Avram,Duckitt
dvignal84@cdc.gov,Dasi,Vignal
bkitcher85@stanford.edu,Bernardine,Kitcher
sfurst86@timesonline.co.uk,Sanders,Furst
csynke87@icio.us,Claus,Synke
nhenze88@scientificamerican.com,Nanete,Henze
mgoding89@github.com,Myrtice,Goding
dbunyan8a@usnews.com,Dale,Bunyan
lphilipp8b@unc.edu,Laurence,Philipp
dcasol8c@netvibes.com,Darya,Casol
wcroy8d@skype.com,Wayne,Croy
jbellchamber8e@springer.com,Jaquelin,Bellchamber
urenoden8f@tinyurl.com,Ulrica,Renoden
kroy8g@wordpress.com,Kimberly,Roy
theisham8h@nifty.com,Tara,Heisham
kren8i@soundcloud.com,Kristoforo,Ren
jredgrove8j@facebook.com,Jeanette,Redgrove
rfeenan8k@privacy.gov.au,Robina,Feenan
ibruinsma8l@yelp.com,Irwinn,Bruinsma
aattersoll8m@weather.com,Aloysius,Attersoll
mbache8n@boston.com,Marchall,Bache
rsilverton8o@desdev.cn,Rockey,Silverton
zbriars8p@issuu.com,Zeb,Briars
mlockhurst8q@ucsd.edu,Malynda,Lockhurst
pambrois8r@engadget.com,Pier,Ambrois
mstilling8s@posterous.com,Marvin,Stilling
kmcbeith8t@infoseek.co.jp,Kippy,McBeith
dcossington8u@yelp.com,Derrick,Cossington
avarcoe8v@lulu.com,Abel,Varcoe
mvandijk8w@umn.edu,Moria,Van Dijk
sdoy8x@imdb.com,Sanford,Doy
tallchorne8y@oakley.com,Thia,Allchorne
lbrudenell8z@craigslist.org,Lucias,Brudenell
bklimpt90@multiply.com,Borg,Klimpt
gbunnell91@who.int,Gleda,Bunnell
pgirone92@state.gov,Penny,Girone
ldany93@tinyurl.com,Lenci,Dany
gjantel94@salon.com,Geri,Jantel
eburden95@arizona.edu,Elroy,Burden
sparsall96@imageshack.us,Sharleen,Parsall
hbramley97@elegantthemes.com,Hugh,Bramley
aaiskrigg98@sciencedaily.com,Allison,Aiskrigg
dshears99@shareasale.com,Danita,Shears
mundrell9a@gizmodo.com,Mano,Undrell
sbembridge9b@alibaba.com,Shandy,Bembridge
osansam9c@chronoengine.com,Onida,Sansam
dgrumbridge9d@liveinternet.ru,Devora,Grumbridge
jepgrave9e@arstechnica.com,Jard,Epgrave
epinner9f@google.fr,Emelia,Pinner
cvisco9g@miibeian.gov.cn,Cy,Visco
asenchenko9h@purevolume.com,Ania,Senchenko
jsinnett9i@sohu.com,Janifer,Sinnett
nratcliffe3@digg.com,Noble,Ratcliffe
rmonsey9j@intel.com,Rudolfo,Monsey
spymm9k@1und1.de,Sher,Pymm
cayce9l@illinois.edu,Cassy,Ayce
dganniclifft9m@ucsd.edu,Davy,Ganniclifft
djanu9n@yolasite.com,Derward,Janu
bsmerdon9o@squidoo.com,Belvia,Smerdon
nkitchenside9p@google.com.br,Norbert,Kitchenside
hbuntine9q@google.com.au,Hermy,Buntine
gmarcus9r@uiuc.edu,Gunther,Marcus
sbasezzi9s@house.gov,Sonni,Basezzi
fmacloughlin9t@indiegogo.com,Francesco,MacLoughlin
ohaskur9u@addtoany.com,Oriana,Haskur
cmathwin9v@nsw.gov.au,Calli,Mathwin
phumby9w@indiatimes.com,Pierson,Humby
lartinstall9x@booking.com,Lindsy,Artinstall
kcasarini9y@canalblog.com,Kasey,Casarini
opayle9z@cafepress.com,Orel,Payle
jattoea0@globo.com,Jephthah,Attoe
odettmar4@salon.com,Olag,Dettmar
jcrima1@seesaa.net,Justen,Crim
bwhaphama2@disqus.com,Benedick,Whapham
holenchenkoa3@mail.ru,Heinrik,Olenchenko
ihubanea4@tmall.com,Ibby,Hubane
lbussella5@skype.com,Leela,Bussell
cdawidsohna6@prweb.com,Cristy,Dawidsohn
kwheadona7@arstechnica.com,Kendell,Wheadon
eguilda8@msu.edu,Elston,Guild
rheighoa9@cbslocal.com,Renelle,Heigho
itrundellaa@vimeo.com,Ignacio,Trundell
mpenbarthyab@springer.com,Madelle,Penbarthy
datkinsac@scientificamerican.com,Dacia,Atkins
bkeyhoad@e-recht24.de,Becca,Keyho
mmcmurdoae@fema.gov,Monte,McMurdo
mallneraf@forbes.com,Murray,Allner
bcaughtag@opera.com,Brewster,Caught
mgiovaniah@blogs.com,Myra,Giovani
nnevilleai@weibo.com,Nevil,Neville
opagenaj@umn.edu,Osmund,Pagen
bbleezeak@acquirethisname.com,Base,Bleeze
aboundeal@miibeian.gov.cn,Alard,Bounde
jbesseam@vinaora.com,Jobyna,Besse
scolbranan@1688.com,Sylvan,Colbran
sbradlyao@paypal.com,Shelley,Bradly
cdallicottap@twitpic.com,Corilla,Dallicott
dcoltartaq@imgur.com,Dante,Coltart
mleyzellar@answers.com,Marie,Leyzell
clohdeas@elegantthemes.com,Chicky,Lohde
cwynrehameat@netscape.com,Conrado,Wynrehame
abrumenau@google.co.jp,Aryn,Brumen
abournerav@businessinsider.com,Alyse,Bourner
iredgroveaw@nymag.com,Immanuel,Redgrove
eswindleyax@blogspot.com,Ellis,Swindley
qdrageay@wordpress.com,Quentin,Drage
glavingtonaz@answers.com,Greggory,Lavington
cgilbeyb0@webs.com,Camel,Gilbey
hodoghestyb1@cisco.com,Hank,O'Doghesty
jschultb2@biglobe.ne.jp,Jayne,Schult
cdegoixb3@taobao.com,Candie,Degoix
mreaveleyb4@google.nl,Micky,Reaveley
ccowderayb5@tmall.com,Carlyn,Cowderay
vwishamb6@spiegel.de,Victoir,Wisham
hwarbeyb7@hud.gov,Hersh,Warbey
bpallisterb8@ow.ly,Breanne,Pallister
erowlandb9@virginia.edu,Ewart,Rowland
gskerrittba@timesonline.co.uk,Ginnifer,Skerritt
yboncorebb@mail.ru,York,Boncore
dmillbergbc@state.tx.us,Dode,Millberg
lemilienbd@webeden.co.uk,Leupold,Emilien
pdecarteretbe@indiegogo.com,Putnam,De Carteret
scathelbf@linkedin.com,Sibylle,Cathel
iblondinbg@answers.com,Iris,Blondin
pbettanaybh@pinterest.com,Piper,Bettanay
mfritzbi@irs.gov,Myranda,Fritz
hdiggarbj@digg.com,Hendrik,Diggar
mcantillonbk@usnews.com,Mina,Cantillon
hschleswigholsteinbl@com.com,Huntington,Schleswig-Holstein
wsandemanbm@marriott.com,Willey,Sandeman
kfranciebn@phpbb.com,Katheryn,Francie
dcreeboebo@vimeo.com,Daven,Creeboe
hgetleybp@amazon.co.uk,Hillary,Getley
adankersleybq@github.io,Adelheid,Dankersley
cdoghartiebr@techcrunch.com,Colly,Doghartie
mbremleybs@comcast.net,Minetta,Bremley
bclohissybt@home.pl,Benoit,Clohissy
scoltbu@ca.gov,Sara,Colt
rsikorskybv@nifty.com,Rhiamon,Sikorsky
jbelderfieldbw@ifeng.com,Justus,Belderfield
epavelinbx@ask.com,Ethelind,Pavelin
tdaymontby@creativecommons.org,Tonia,Daymont
gdallinbz@tuttocitta.it,Gianina,Dallin
mshippc0@weather.com,Myrle,Shipp
hvickeryc1@amazon.de,Heda,Vickery
ebothramc2@sun.com,Evyn,Bothram
lnorfolkc3@wikimedia.org,Lona,Norfolk
cmulreanc4@sakura.ne.jp,Codie,Mulrean
kcantyc5@gnu.org,Katleen,Canty
gbroomerc6@wsj.com,Georgina,Broomer
abelliardc7@t-online.de,Adan,Belliard
bmabbsc8@wunderground.com,Bennett,Mabbs
gmurfillc9@vimeo.com,Gerick,Murfill
slehucquetca@sogou.com,Somerset,Le Hucquet
mosheacb@friendfeed.com,Maren,O'Shea
iestcotcc@forbes.com,Isidro,Estcot
bnorwellcd@shinystat.com,Bethena,Norwell
hromaintce@dmoz.org,Heida,Romaint
ewilkensoncf@t-online.de,Erek,Wilkenson
rgivescg@census.gov,Richard,Gives
ybeavorsch@answers.com,Yanaton,Beavors
fmowleci@slideshare.net,Farly,Mowle
hpeticancj@blogtalkradio.com,Harbert,Petican
wmalamck@shutterfly.com,Winny,Malam
gatmorecl@soup.io,Gracie,Atmore
lhalecm@unc.edu,Lenka,Hale
ccabancn@nba.com,Carol,Caban
lblondinco@vkontakte.ru,Laurena,Blondin
cmetsoncp@blogs.com,Cele,Metson
llintotcq@istockphoto.com,Lionello,Lintot
targocr@bloomberg.com,Tomas,Argo
hbraidmancs@goodreads.com,Hilario,Braidman
jcrippillct@feedburner.com,Jose,Crippill
sgrasnercu@xinhuanet.com,Sig,Grasner
nkenealycv@wikia.com,Norry,Kenealy
jwilnecw@liveinternet.ru,Julee,Wilne
rgilmartincx@slideshare.net,Richmond,Gilmartin
mlinzeycy@adobe.com,Mike,Linzey
jromeufcz@ucla.edu,Jeth,Romeuf
csysond0@discovery.com,Constantino,Syson
draffeortyd1@macromedia.com,Daryn,Raffeorty
lfaradyd2@tripadvisor.com,Lorant,Farady
mcastertond3@spotify.com,Myrna,Casterton
npetried4@microsoft.com,Neel,Petrie
ctomsud5@xinhuanet.com,Claudio,Tomsu
amatushevitzd6@businessinsider.com,Anthea,Matushevitz
jjeffcoated7@gov.uk,Julietta,Jeffcoate
lthackrayd8@amazon.com,Lanni,Thackray
tmacvaghd9@reverbnation.com,Thomasa,MacVagh
bcrummyda@businessweek.com,Brita,Crummy
jcannelldb@foxnews.com,Joella,Cannell
tstandingdc@tamu.edu,Teddi,Standing
rreicherzdd@miitbeian.gov.cn,Ronnica,Reicherz
billemde@ucoz.com,Bernarr,Illem
efettesdf@nsw.gov.au,Edie,Fettes
yworrelldg@jimdo.com,Ynes,Worrell
hbosnelldh@netlog.com,Haskel,Bosnell
qchateldi@unesco.org,Quent,Chatel
rhymansdj@eepurl.com,Rozalie,Hymans
pdelaprelledk@feedburner.com,Phebe,Delaprelle
wpighillsdl@ning.com,Waverly,Pighills
ppoleyedm@meetup.com,Peggie,Poleye
rdelavaletteparisotdn@e-recht24.de,Robin,de la Valette Parisot
fgarwelldo@thetimes.co.uk,Frans,Garwell
nyaredp@bbc.co.uk,Nanette,Yare
cluciadq@nbcnews.com,Cathlene,Lucia
toutrightdr@sakura.ne.jp,Tracy,Outright
cwhetnellds@ebay.co.uk,Callean,Whetnell
ksongestdt@sakura.ne.jp,Kevon,Songest
cashmandu@ovh.net,Cassaundra,Ashman
hcaffdv@epa.gov,Heda,Caff
iquillinanedw@youtu.be,Ian,Quillinane
bcorharddx@google.co.uk,Blaine,Corhard
aspellardy@weibo.com,Abbe,Spellar
ielksdz@columbia.edu,Isabel,Elks
nchetwinde0@sfgate.com,Nealon,Chetwind
aschistle1@clickbank.net,Alessandra,Schistl
bsimmse2@usa.gov,Bessy,Simms
boleksinskie3@myspace.com,Bogey,Oleksinski
dmerrine4@nasa.gov,Dasya,Merrin
egaye5@elpais.com,Ethyl,Gay
asapautone6@spotify.com,Ase,Sapauton
rchaudrellee7@feedburner.com,Reagen,Chaudrelle
pschustle8@technorati.com,Paule,Schustl
atownsleye9@dion.ne.jp,Arnaldo,Townsley
wpitfieldea@wisc.edu,Winona,Pitfield
csummersbyeb@harvard.edu,Claybourne,Summersby
dwilderec@amazon.co.jp,Dwain,Wilder
pclissolded@com.com,Petunia,Clissold
snergeree@vistaprint.com,Samuele,Nerger
jtamsettef@last.fm,Jarred,Tamsett
freckuseg@smh.com.au,Florian,Reckus
otitterrelleh@reverbnation.com,Othilie,Titterrell
rbomeei@prweb.com,Rosamond,Bome
wvonnassauej@google.co.jp,Waylan,von Nassau
lverriourek@webnode.com,Leora,Verriour
sartusel@soundcloud.com,Sybil,Artus
bstiffellem@naver.com,Bobbette,Stiffell
bmerredyen@over-blog.com,Brynna,Merredy
snervaleo@feedburner.com,Stanleigh,Nerval
wisacqep@addtoany.com,Wyndham,Isacq
ilafonteq@squarespace.com,Ingmar,Lafont
cdonnell5@desdev.cn,Cash,Donnell
pedlestoner@eventbrite.com,Perren,Edleston
riansones@cyberchimps.com,Ricky,Ianson
divashevet@plala.or.jp,Desiri,Ivashev
nmarklineu@bbb.org,Norry,Marklin
stregunnahev@nyu.edu,Sigfrid,Tregunnah
jmalinsew@psu.edu,Janean,Malins
ytesimonex@paypal.com,Yulma,Tesimon
lgilksey@google.ca,Lucretia,Gilks
tgarmsez@merriam-webster.com,Tersina,Garms
atoynef0@discovery.com,Adams,Toyne
nlinnf1@imgur.com,Nadine,Linn
sdummiganf2@bloomberg.com,Sasha,Dummigan
adruryf3@wikimedia.org,Ailey,Drury
rgammonf4@dailymotion.com,Rea,Gammon
jgallonf5@home.pl,Jervis,Gallon
mglowaczf6@indiatimes.com,Melisenda,Glowacz
eramelotf7@wordpress.com,Emanuele,Ramelot
kpagonf8@dell.com,Katrinka,Pagon
krobertif9@biblegateway.com,Kevon,Roberti
emollenefa@weather.com,Eben,Mollene
lthackerayfb@biglobe.ne.jp,Linc,Thackeray
mhelianfc@naver.com,Minette,Helian
gderxfd@earthlink.net,Germana,Derx
lbarhamfe@columbia.edu,Laurie,Barham
ggaifordff@fotki.com,Goldia,Gaiford
bclothierfg@cafepress.com,Bianca,Clothier
jgolsbyfh@about.me,Jennifer,Golsby
tboscherfi@independent.co.uk,Thalia,Boscher
lbengocheafj@xing.com,Lorette,Bengochea
psouthcombefk@google.de,Perrine,Southcombe
cpetrushkafl@moonfruit.com,Clari,Petrushka
mblankmanfm@nifty.com,Moss,Blankman
nfeighneyfn@wired.com,Nadiya,Feighney
jgurleyfo@microsoft.com,Jay,Gurley
mmeekefp@storify.com,Merlina,Meeke
azannutofq@netscape.com,Anet,Zannuto
hcrannfr@google.ca,Haze,Crann
sdaubneyfs@technorati.com,Sue,Daubney
agolthorppft@merriam-webster.com,Abrahan,Golthorpp
kdaidfu@businessinsider.com,Kathe,Daid
sboliverfv@time.com,Stephenie,Boliver
hdillingstonfw@studiopress.com,Henriette,Dillingston
fpoefx@webmd.com,Felic,Poe
wpressleefy@issuu.com,Wallace,Presslee
tfretwellfz@ovh.net,Timoteo,Fretwell
mdunsleveg0@epa.gov,Marshal,Dunsleve
tcreming1@usnews.com,Tiebold,Cremin
jwhettletong2@example.com,Jason,Whettleton
cgummeg3@berkeley.edu,Cordey,Gumme
bgiorgeschig4@amazon.co.uk,Brunhilda,Giorgeschi
bmckeving5@craigslist.org,Budd,McKevin
mbyffordg6@vimeo.com,Mariska,Byfford
gruggierog7@friendfeed.com,Giorgi,Ruggiero
adimentg8@rambler.ru,Aurora,Diment
xzealyg9@kickstarter.com,Xerxes,Zealy
bstorerga@stumbleupon.com,Brannon,Storer
mstokeygb@slate.com,Munroe,Stokey
ckelshawgc@webnode.com,Clarance,Kelshaw
lcroneengd@fda.gov,Lilli,Croneen
mleathlayge@1688.com,Marlyn,Leathlay
rcastellogf@flickr.com,Rawley,Castello
mfelminghamgg@samsung.com,Merwyn,Felmingham
lbrenstongh@nationalgeographic.com,Lindsay,Brenston
sbudgegi@un.org,Spencer,Budge
cdownhamgj@hubpages.com,Cordi,Downham
zlougheidgk@ed.gov,Zoe,Lougheid
eleasongl@cnbc.com,Eduino,Leason
chiscokegm@bing.com,Christean,Hiscoke
bgiabuccign@theglobeandmail.com,Benny,Giabucci
hrozgo@google.it,Henrik,Roz
raaronsohngp@craigslist.org,Rustin,Aaronsohn
jdawkesgq@pagesperso-orange.fr,Jacquelynn,Dawkes
ifairbardgr@histats.com,Isaiah,Fairbard
klikelygs@slashdot.org,Kamilah,Likely
tmcwhinneygt@sciencedaily.com,Tabbatha,Mcwhinney
lnewhamgu@biblegateway.com,Lonnard,Newham
ocanlingv@hexun.com,Obadiah,Canlin
bmccererygw@smh.com.au,Burty,McCerery
abromeheadgx@disqus.com,Abbi,Bromehead
hlumsdongy@ezinearticles.com,Heda,Lumsdon
ckalkofengz@oaic.gov.au,Correy,Kalkofen
kphillputh0@yahoo.com,Kerrie,Phillput
bclendeningh1@wikipedia.org,Babbette,Clendening
isaizh2@eepurl.com,Ignace,Saiz
lcullabineh3@va.gov,Lowell,Cullabine
lhambatchh4@sohu.com,Lannie,Hambatch
achancellorh5@issuu.com,Alanah,Chancellor
jradloffh6@people.com.cn,Jonathan,Radloff
dcurwenh7@4shared.com,Denver,Curwen
gainsleeh8@google.es,Guillermo,Ainslee
ggilliesh9@lulu.com,Gert,Gillies
previeha@newyorker.com,Pearl,Revie
alambertohb@engadget.com,Amber,Lamberto
bleveringtonhc@ovh.net,Beatrice,Leverington
mevertonhd@abc.net.au,Melvin,Everton
emacenteehe@ft.com,Emmalyn,MacEntee
skleehf@chronoengine.com,Sibby,Klee
ehemsteadhg@biblegateway.com,Eolande,Hemstead
ksteinorhh@reverbnation.com,Kareem,Steinor
jjeckellshi@virginia.edu,Jeramie,Jeckells
dkitchinerhj@cbc.ca,Demetria,Kitchiner
burridgehk@oracle.com,Basilio,Urridge
dletertrehl@cornell.edu,Dov,Letertre
mjorezhm@ucoz.ru,Mortie,Jorez
dmerrellhn@t.co,Dimitri,Merrell
hbuckberryho@clickbank.net,Harmonie,Buckberry
tlindblomhp@huffingtonpost.com,Townsend,Lindblom
tmcgannonhq@usda.gov,Tremayne,McGannon
cthirlawayhr@mac.com,Charles,Thirlaway
sdutsonhs@jimdo.com,Stafani,Dutson
mrohloffht@nps.gov,Mabelle,Rohloff
kdebruijnehu@i2i.jp,Karolina,De Bruijne
lleveyhv@devhub.com,Lazaro,Levey
hboxehw@scientificamerican.com,Hillie,Boxe
srobbekehx@ezinearticles.com,Shannan,Robbeke
rwestallhy@xrea.com,Rusty,Westall
imaaszhz@japanpost.jp,Irwin,Maasz
avanini0@marriott.com,Ashlin,Vanin
cduffitti1@who.int,Channa,Duffitt
sgiraudeaui2@ezinearticles.com,Steve,Giraudeau
medmotti3@homestead.com,Mildrid,Edmott
testicki4@linkedin.com,Tirrell,Estick
agatchi5@timesonline.co.uk,Arte,Gatch
rshackletoni6@oakley.com,Ronny,Shackleton
ggarroodi7@timesonline.co.uk,Gunar,Garrood
jdeversi8@dedecms.com,Jayson,Devers
bcawsyi9@instagram.com,Branden,Cawsy
sgoundrillia@rakuten.co.jp,Scot,Goundrill
egammidgeib@latimes.com,Evelin,Gammidge
jdriversic@globo.com,Jennilee,Drivers
areahid@pbs.org,Andria,Reah
dpickardie@geocities.com,Donaugh,Pickard
kmacfadzanif@live.com,Keely,MacFadzan
cbrachig@alibaba.com,Crista,Brach
aakhurstih@yale.edu,Adoree,Akhurst
lfilippyevii@google.com.hk,Leela,Filippyev
hjurcaij@bloomberg.com,Hillier,Jurca
phaimeik@addtoany.com,Page,Haime
borableil@fc2.com,Bonnibelle,Orable
caupolim@disqus.com,Charles,Aupol
cyuin@jimdo.com,Cary,Yu
bmerrillio@wisc.edu,Blanca,Merrill
mdilnotip@weibo.com,Martino,Dilnot
fchittieiq@bandcamp.com,Flossie,Chittie
lpunyerir@yale.edu,Laureen,Punyer
sranscombeis@wikispaces.com,Silvano,Ranscombe
kitzchakyit@cam.ac.uk,Kathie,Itzchaky
apetterseniu@i2i.jp,Adina,Pettersen
zboldtiv@ca.gov,Zara,Boldt
vjenkiw@scientificamerican.com,Vannie,Jenk
agrizardix@altervista.org,Andre,Grizard
wthridgouldiy@nymag.com,Willette,Thridgould
mcuddehayiz@jalbum.net,Margo,Cuddehay
mbrikj0@nytimes.com,Maisey,Brik
mspinij1@cisco.com,Marillin,Spini
wplowellj2@senate.gov,Wayland,Plowell
wnayerj3@privacy.gov.au,Wendie,Nayer
dweakleyj4@cdbaby.com,Dannel,Weakley
pcammackj5@opera.com,Paige,Cammack
dpendergastj6@ning.com,Darline,Pendergast
hgowanj7@sakura.ne.jp,Horton,Gowan
jdenacampj8@imageshack.us,Juan,Denacamp
gkinnochj9@phoca.cz,Griselda,Kinnoch
nnegroja@nymag.com,Nickey,Negro
mraigattjb@networkadvertising.org,Moreen,Raigatt
llamblejc@odnoklassniki.ru,Lenard,Lamble
fcoolsonjd@tmall.com,Flem,Coolson
teustesje@tripod.com,Trace,Eustes
bdreganjf@reference.com,Burnard,Dregan
vjebbjg@fastcompany.com,Verne,Jebb
nspittaljh@state.gov,Nola,Spittal
hweedji@amazon.com,Hana,Weed
gedkinsjj@soundcloud.com,Gustave,Edkins
wmccaghanjk@addthis.com,Willie,McCaghan
pdellenbachjl@fc2.com,Perice,Dellenbach
pyoxenjm@oakley.com,Putnem,Yoxen
agendersjn@adobe.com,Alisander,Genders
hbarnishjo@themeforest.net,Harlie,Barnish
wduferjp@people.com.cn,Winnifred,Dufer
tseilmannjq@imageshack.us,Terrill,Seilmann
sgraddonjr@illinois.edu,Sollie,Graddon
civeyjs@surveymonkey.com,Cara,Ivey
ekwietekjt@quantcast.com,Ethel,Kwietek
fmedcraftju@woothemes.com,Florry,Medcraft
abalsomjv@lycos.com,Adelle,Balsom
rpheasantjw@umn.edu,Rickert,Pheasant
bcapponerjx@admin.ch,Bret,Capponer
klyverjy@miibeian.gov.cn,Kaylee,Lyver
abigginsjz@ask.com,Aimee,Biggins
gstovenk0@sohu.com,Gerda,Stoven
hdarlassonk1@ehow.com,Hendrick,Darlasson
amcilrathk2@lulu.com,Ajay,McIlrath
bderingtonk3@telegraph.co.uk,Brandy,Derington
lfliggk4@dagondesign.com,Lenee,Fligg
abudnikk5@goo.gl,Aurea,Budnik
abesantiek6@wix.com,Allin,Besantie
gsallerk7@wix.com,Gavra,Saller
gfeldbrink8@is.gd,Giorgio,Feldbrin
asimisterk9@google.ca,Aeriela,Simister
hsisseka@technorati.com,Horatius,Sisse
rbensonkb@squidoo.com,Raeann,Benson
sderyebarrettkc@si.edu,Stephen,Derye-Barrett
saitonkd@sitemeter.com,Salome,Aiton
dmarske@opera.com,Damara,Mars
wkosiadakf@ameblo.jp,Willette,Kosiada
nkillickkg@who.int,Netty,Killick
tdobsonskh@over-blog.com,Tuesday,Dobsons
ofleggki@hc360.com,Orv,Flegg
lmoresbykj@naver.com,Leupold,Moresby
oshanklandkk@virginia.edu,Oren,Shankland
rgalletlykl@bizjournals.com,Reinhard,Galletly
aivashnikovkm@chron.com,Andy,Ivashnikov
aendriccikn@cbslocal.com,Ariela,Endricci
lsmidmoorko@japanpost.jp,Libbey,Smidmoor
rlebankp@google.nl,Ricky,Leban
dtalekq@hud.gov,Deerdre,Tale
wbleikr@irs.gov,Wright,Blei
mhindmoorks@nifty.com,Miguel,Hindmoor
cwhissellkt@com.com,Carmel,Whissell
bdaggettku@biglobe.ne.jp,Baron,Daggett
komarkv@ibm.com,Karissa,Omar
gberrkw@archive.org,Gualterio,Berr
bpatrykx@ucoz.com,Bobbette,Patry
tgladdishky@is.gd,Tamas,Gladdish
lcrossonkz@examiner.com,Laurene,Crosson
jdamerelll0@dailymotion.com,Jeremias,Damerell
ichattawayl1@oaic.gov.au,Izak,Chattaway
lgingerl2@google.co.uk,Lanni,Ginger
mchessmanl3@e-recht24.de,Miller,Chessman
ilufkinl4@telegraph.co.uk,Ivonne,Lufkin
nadiscotl5@ow.ly,Neille,Adiscot
sswaddlel6@tuttocitta.it,Sybilla,Swaddle
rcrutchfieldl7@zimbio.com,Rochelle,Crutchfield
tboatwrightl8@wunderground.com,Timothea,Boatwright
lswalesl9@nasa.gov,Lloyd,Swales
kmanuellila@oakley.com,Kerk,Manuelli
prameletlb@sina.com.cn,Prentiss,Ramelet
kmalzardlc@angelfire.com,Kerri,Malzard
pjohnesld@reuters.com,Peri,Johnes
ldominichellile@geocities.jp,Lorilee,Dominichelli
mseagrovelf@theatlantic.com,Mayor,Seagrove
htilbrooklg@nydailynews.com,Hatti,Tilbrook
nmetziglh@columbia.edu,Nicholas,Metzig
measbieli@yelp.com,Marabel,Easbie
jpleacelj@fc2.com,Jeramie,Pleace
eteffreylk@etsy.com,Emmerich,Teffrey
lblydenll@cam.ac.uk,Lindon,Blyden
emaplethorplm@blogs.com,Elli,Maplethorp
pvickersln@yahoo.com,Patty,Vickers
hmordeylo@paginegialle.it,Hanson,Mordey
gdarelllp@theguardian.com,Gilemette,Darell
jbleimanlq@technorati.com,Joanne,Bleiman
aobylr@census.gov,Ashleigh,Oby
dborrellls@youtube.com,Deana,Borrell
dsolanolt@simplemachines.org,Di,Solano
rbrattylu@indiatimes.com,Richmound,Bratty
pkitchensidelv@istockphoto.com,Peg,Kitchenside
ccucksonlw@ucla.edu,Concettina,Cuckson
tkrimmerlx@xinhuanet.com,Thoma,Krimmer
bnornasellly@salon.com,Boothe,Nornasell
tdoylz@weebly.com,Teddi,Doy
ofincim0@angelfire.com,Oran,Finci
gchingm1@house.gov,Germain,Ching
adalzielm2@jalbum.net,Angelle,Dalziel
llodwickm3@princeton.edu,Laurent,Lodwick
rbenediktm4@cafepress.com,Rockey,Benedikt
jaskerm5@google.de,Jolie,Asker
filyinm6@salon.com,Farly,Ilyin
cjaskowiczm7@craigslist.org,Clo,Jaskowicz
zboswardm8@sbwire.com,Zora,Bosward
wmutterm9@creativecommons.org,Willi,Mutter
ranscombema@cmu.edu,Rachelle,Anscombe
astillingmb@washington.edu,Averil,Stilling
claweemc@yellowpages.com,Celle,Lawee
ablakeymd@xinhuanet.com,Allayne,Blakey
sbrionme@naver.com,Sylvan,Brion
nsellmanmf@deviantart.com,Nevsa,Sellman
pbertotmg@uiuc.edu,Patsy,Bertot
sfennermh@cornell.edu,Sig,Fenner
aupsalemi@springer.com,Ashlee,Upsale
ddoullmj@mail.ru,Dwayne,Doull
hchoffinmk@miitbeian.gov.cn,Hillard,Choffin
kjainml@is.gd,Kesley,Jain
stilermm@gmpg.org,Selia,Tiler
baubraymn@skype.com,Bondon,Aubray
jpigeonmo@goo.gl,Jannelle,Pigeon
ntellessonmp@virginia.edu,Norrie,Tellesson
agraddellmq@imgur.com,Arabel,Graddell
lfinnanmr@meetup.com,Lil,Finnan
doughtrightms@google.co.uk,Dur,Oughtright
kclaypoolemt@printfriendly.com,Keely,Claypoole
bstanlockmu@sun.com,Bettine,Stanlock
mlocknermv@xing.com,Misty,Lockner
efessiermw@bizjournals.com,Electra,Fessier
ahalfpennymx@parallels.com,Andeee,Halfpenny
gstockellmy@myspace.com,Glynda,Stockell
abrumheadmz@cnet.com,Angil,Brumhead
kfennickn0@accuweather.com,Karlens,Fennick
dtembridgen1@list-manage.com,Daron,Tembridge
caleswelln2@yandex.ru,Caspar,Aleswell
svanderlinden3@unesco.org,Stavros,Van der Linde
awreightn4@cargocollective.com,Aurora,Wreight
vroutn5@bloomberg.com,Vinnie,Rout
vhadleighn6@miibeian.gov.cn,Vivyanne,Hadleigh
glettucen7@apple.com,Guinevere,Lettuce
clarnen8@auda.org.au,Chrysa,Larne
gsorrelln9@craigslist.org,Gustave,Sorrell
rbramerna@creativecommons.org,Rafaellle,Bramer
ccadgenb@youku.com,Chilton,Cadge
vbissillnc@dailymail.co.uk,Vern,Bissill
bsitfordnd@hugedomains.com,Brantley,Sitford
ppowtonne@gnu.org,Pat,Powton
sleallenf@shutterfly.com,Silvanus,Lealle
cthoresbyng@w3.org,Consalve,Thoresby
lhaberghamnh@state.tx.us,Lesley,Habergham
mstetsonni@toplist.cz,Mora,Stetson
cconsadinenj@chron.com,Christan,Consadine
cburgynnk@upenn.edu,Cecil,Burgyn
bpichmannnl@noaa.gov,Bev,Pichmann
scrundennm@nationalgeographic.com,Sollie,Crunden
dhagwoodnn@si.edu,Danila,Hagwood
rinskippno@cbc.ca,Rorie,Inskipp
kjaraynp@ifeng.com,Kass,Jaray
owoannq@4shared.com,Osbourn,Woan
cbeanynr@addthis.com,Clare,Beany
cocarrollns@w3.org,Caril,O'Carroll
nhastwellnt@1688.com,Neale,Hastwell
msheardsnu@cbslocal.com,Mirabelle,Sheards
jmelbournenv@domainmarket.com,Joyann,Melbourne
yorablenw@163.com,Yoshi,Orable
dmoxsomnx@gizmodo.com,Datha,Moxsom
nlammertny@networksolutions.com,Nichole,Lammert
kmerrgannz@paginegialle.it,Kaleb,Merrgan
fjachimczako0@google.com.br,Florenza,Jachimczak
mmcisaaco1@timesonline.co.uk,Man,McIsaac
nlansleyo2@skype.com,Nettie,Lansley
cwooduso3@loc.gov,Claudio,Woodus
pmatthesiuso4@tinypic.com,Paola,Matthesius
fjaumeto5@patch.com,Fred,Jaumet
ttrimeo6@is.gd,Teodoor,Trime
cwhiteno7@deliciousdays.com,Cyndi,Whiten
atofflero8@scribd.com,Anders,Toffler
bperaccoo9@soup.io,Bunni,Peracco
ehallowsoa@psu.edu,Edee,Hallows
mfinneyob@hostgator.com,Marji,Finney
nmcelmurrayoc@photobucket.com,Nathalie,McElmurray
twaddupod@scientificamerican.com,Tudor,Waddup
cblamireoe@ed.gov,Cecily,Blamire
kandreiaof@jigsy.com,Kingsley,Andreia
vbranchettog@sciencedaily.com,Vin,Branchett
dcausbyoh@vimeo.com,Dore,Causby
idocheoi@xing.com,Ingrid,Doche
wkellegheroj@virginia.edu,Wallie,Kellegher
ystelljesok@last.fm,Yule,Stelljes
ebalmol@google.ru,Eddy,Balm
bwhitemarshom@dot.gov,Biddy,Whitemarsh
esolanoon@google.nl,Elisabeth,Solano
sbashfordoo@cdc.gov,Sephira,Bashford
bupwoodop@umn.edu,Benedikta,Upwood
mgregineoq@senate.gov,Marleen,Gregine
cdewsnapor@cloudflare.com,Cam,Dewsnap
mlarsenos@nydailynews.com,Mil,Larsen
mbauldreyot@samsung.com,Mufi,Bauldrey
dmardleou@bizjournals.com,Dimitri,Mardle
jgarbettov@storify.com,Josephina,Garbett
kdewersonow@imgur.com,Kristo,Dewerson
swoodfineox@techcrunch.com,Stacee,Woodfine
evogeleinoy@cdc.gov,Ezekiel,Vogelein
vclemencetoz@auda.org.au,Valry,Clemencet
imcgarrahanp0@seesaa.net,Isahella,McGarrahan
agoodbairnp1@bravesites.com,Anne-corinne,Goodbairn
paxellp2@zdnet.com,Penn,Axell
cirvingp3@dedecms.com,Corney,Irving
vgaulp4@sun.com,Van,Gaul
ndunsmorep5@pinterest.com,Neal,Dunsmore
atelferp6@opera.com,Alecia,Telfer
dstonehousep7@usatoday.com,Delano,Stonehouse
ssawp8@gmpg.org,Sarene,Saw
vsquirrellp9@opera.com,Vikki,Squirrell
abellshampa@ibm.com,Agosto,Bellsham
amaylourpb@admin.ch,Ailina,Maylour
mbethelpc@scribd.com,Marcelo,Bethel
amasarratpd@hatena.ne.jp,Alva,Masarrat
askillingspe@reference.com,Alexa,Skillings
palcidepf@google.ru,Patrice,Alcide
lgulliverpg@archive.org,Lin,Gulliver
mambrogiottiph@earthlink.net,Miguela,Ambrogiotti
ccarrabotpi@about.me,Caye,Carrabot
escullionpj@tumblr.com,Elisha,Scullion
swinkellpk@tmall.com,Sada,Winkell
gruttpl@qq.com,Gwenora,Rutt
agargettpm@soundcloud.com,Amalita,Gargett
kwhifepn@usa.gov,Kit,Whife
mmaulinpo@prweb.com,Marja,Maulin
ffiggspp@multiply.com,Faun,Figgs
jshippq@ft.com,Jackie,Ship
qwinterbottompr@multiply.com,Quintilla,Winterbottom
djacqueminetps@istockphoto.com,Dredi,Jacqueminet
amillanpt@latimes.com,Ailey,Millan
mcoathampu@last.fm,Mariele,Coatham
vrennlespv@cbc.ca,Vivi,Rennles
nchateaupw@intel.com,Nicolai,Chateau
clarcherpx@independent.co.uk,Cody,L'Archer
aiianonpy@desdev.cn,Annissa,Iianon
jhaggarthpz@surveymonkey.com,Jackson,Haggarth
ahabardq0@google.pl,Arman,Habard
litzikq1@unesco.org,Larissa,Itzik
jlatekq2@google.ca,Jody,Latek
erippingq3@indiegogo.com,Elberta,Ripping
cdickieq4@canalblog.com,Camella,Dickie
bmccathieq5@addthis.com,Beckie,McCathie
jmcturkq6@paypal.com,Jules,McTurk
mghestq7@bravesites.com,Minerva,Ghest
mthunnerclefq8@deliciousdays.com,Mortie,Thunnerclef
edenisovoq9@csmonitor.com,Ellette,Denisovo
menrricoqa@cargocollective.com,Merle,Enrrico
wwhippqb@pcworld.com,Wandis,Whipp
cbellwoodqc@squidoo.com,Con,Bellwood
bhedgeqd@biblegateway.com,Bobette,Hedge
gkenneaqe@lulu.com,Gustavus,Kennea
amccurlyeqf@123-reg.co.uk,Addy,McCurlye
ihaddyqg@pagesperso-orange.fr,Irita,Haddy
ccattellqh@last.fm,Calypso,Cattell
dgurnellqi@wufoo.com,Dukey,Gurnell
ddeguiseqj@mlb.com,Donny,de Guise
hhalward6@google.nl,Hillard,Halward
nlongforthqk@mapquest.com,Nedda,Longforth
dyieldingql@drupal.org,Duff,Yielding
hcolleranqm@lycos.com,Humfrid,Colleran
hcluittqn@chronoengine.com,Heather,Cluitt
qornelasqo@is.gd,Quincy,Ornelas
dfallancheqp@jalbum.net,Daryl,Fallanche
gtrewettqq@ycombinator.com,Glynda,Trewett
kjoderliqr@zimbio.com,Katha,Joderli
npollockqs@freewebs.com,Nari,Pollock
bmumbyqt@bing.com,Bentley,Mumby
pthrowerqu@a8.net,Peyter,Thrower
fhancornqv@ebay.co.uk,Ferne,Hancorn
cgrinstedqw@skype.com,Clevey,Grinsted
ldriesqx@ifeng.com,Lalo,Dries
estansbyqy@scientificamerican.com,Elsie,Stansby
lpiatekqz@youtube.com,Laurie,Piatek
dbrellinr0@wsj.com,Danya,Brellin
jfrimanr1@sourceforge.net,Jelene,Friman
wmcgoonr2@comsenz.com,Wren,McGoon
mlawrinsonr3@cafepress.com,Michal,Lawrinson
cdundonr4@cyberchimps.com,Camille,Dundon
shaskettr5@t-online.de,Siward,Haskett
jvaldesr6@vistaprint.com,Jazmin,Valdes
wgreggr7@domainmarket.com,Wilbert,Gregg
mhortr8@bloglines.com,Maurise,Hort
rbochr9@4shared.com,Ronny,Boch
asimcora@i2i.jp,Alexei,Simco
lranscombrb@discovery.com,Lind,Ranscomb
sgiuronrc@comsenz.com,Sander,Giuron
cjanewayrd@rediff.com,Chickie,Janeway
hreadyre@ebay.com,Harman,Ready
kbenesevichrf@cdc.gov,Katleen,Benesevich
avenmorerg@cloudflare.com,Averyl,Venmore
rilifferh@hostgator.com,Rodrique,Iliffe
sstoyleri@java.com,Salem,Stoyle
cdodameadrj@japanpost.jp,Cathee,Dodamead
bturonerk@pbs.org,Bond,Turone
dsoalrl@si.edu,Dorelle,Soal